"Name","Calls","TotalDurationNs","AverageNs","Percentage"
"CopyDeviceToHost",1,220800,220800,95.30386740331491
"FillBuffer",1,7680,7680,3.314917127071823
"CopyHostToDevice",2,3200,1600,1.3812154696132597
