"Name","Calls","TotalDurationNs","AverageNs","Percentage"
"CopyDeviceToHost",1,220800,220800,95.10682288077189
"FillBuffer",1,8160,8160,3.5148173673328738
"CopyHostToDevice",2,3200,1600,1.3783597518952446
