"Name","Calls","TotalDurationNs","AverageNs","Percentage"
"CopyDeviceToHost",1,221119,221119,94.91756060079241
"FillBuffer",1,8640,8640,3.7088071291514817
"CopyHostToDevice",2,3200,1600,1.3736322700561043
