"Name","Calls","TotalDurationNs","AverageNs","Percentage"
"hipMemcpy",2,201872988,100936494,98.48436575419254
"hipLaunchKernel",1,2882763,2882763,1.4063649054159408
"hipMemset",1,108742,108742,0.05305012328267716
"hipMalloc",3,99384,33128,0.04848479384529976
"__hipPushCallConfiguration",1,4330,4330,0.0021124039820307893
"hipGetDeviceProperties",1,3353,3353,0.001635771490011371
"hipGetDevice",1,3352,3352,0.0016352836368977379
"__hipPopCallConfiguration",1,2444,2444,0.001192313009718995
"hipPeekAtLastError",1,2375,2375,0.0011586511448783198
