"Name","Calls","TotalDurationNs","AverageNs","Percentage"
"CopyDeviceToHost",1,221120,221120,95.3103448275862
"FillBuffer",1,8000,8000,3.4482758620689653
"CopyHostToDevice",2,2880,1440,1.2413793103448276
